{"R":0.68140649795532227,"G":0.82352942228317261,"B":0.59342557191848755,"A":1,"screen_width":1536,"screen_height":793}